{"cameraMode":{"drawMode":0,"name":"Shaded","section":"Shading Mode"},"sceneLighting":false,"audioPlay":false,"sceneViewState":{"showFog":true,"showMaterialUpdate":false,"showSkybox":false,"showFlares":true,"showImageEffects":true,"showParticleSystems":true},"in2DMode":false,"pivot":{"x":-0.39965391159057619,"y":0.9107688665390015,"z":-0.344449907541275},"rotation":{"x":-0.46949735283851626,"y":-0.42271918058395388,"z":0.2736724317073822,"w":-0.725304365158081},"size":23.14077377319336,"orthographic":false}